PRODUCTNAME;SALESAMOUNT;CITYNAME;FIRSTNAME;LASTNAME
Contoso Projector 1080p X981 Silver;2499,00;Camarillo;Drew;Raji
WWI Projector 1080p DLP86 White;2499,00;Dresden;Reginald;Ramos
Proseware Projector 1080p DLP86 Black;2499,00;Roubaix;Edward;Patterson
WWI Projector 1080p DLP86 Silver;2499,00;Goulburn;Harold;Sai
WWI Projector 1080p DLP86 Black;2499,00;Clackamas;Melinda;Dominguez
WWI Projector 1080p DLP86 White;2499,00;Dresden;Brenda;Garcia
Contoso Projector 1080p X981 White;2499,00;Birmingham;Mayra;Prasad
Contoso Projector 1080p X981 Black;2499,00;York;Miguel;Allen
Contoso Projector 1080p X981 Silver;2499,00;Camarillo;Kellie;Gomez
WWI Projector 1080p DLP86 White;2499,00;Dresden;Peter;Jai
Proseware Projector 1080p DLP86 Black;2499,00;Roubaix;Jordan;Turner
Proseware Projector 1080p DLP86 Silver;2499,00;Versailles;Larry;Munoz
WWI Projector 1080p DLP86 Black;2499,00;Clackamas;Tony;Anand
WWI Projector 1080p DLP86 White;2499,00;Dresden;Krista;Martin
Contoso Projector 1080p X981 White;2499,00;Birmingham;Ebony;Gill
Contoso Projector 1080p X981 Black;2499,00;York;Joseph;Martin
Contoso Projector 1080p X981 Silver;2499,00;Camarillo;NULL;NULL
WWI Projector 1080p DLP86 White;2499,00;Dresden;Dana;Ruiz
Proseware Projector 1080p DLP86 Black;2499,00;Roubaix;Christine;Chande
WWI Projector 1080p DLP86 Silver;2499,00;Goulburn;Lauren;Bryant
WWI Projector 1080p DLP86 Black;2499,00;Clackamas;NULL;NULL
WWI Projector 1080p DLP86 White;2499,00;Dresden;Julio;Vazquez
Contoso Projector 1080p X981 White;2499,00;Birmingham;Amy;Li
Contoso Projector 1080p X981 Black;2499,00;York;Jaclyn;Andersen
Contoso Projector 1080p X981 Silver;2499,00;Camarillo;Drew;Raji
WWI Projector 1080p DLP86 White;2499,00;Dresden;Ashlee;Shan
Proseware Projector 1080p DLP86 Black;2499,00;Roubaix;Amanda;Perez
Proseware Projector 1080p DLP86 Silver;2499,00;Versailles;Stacey;Lu
WWI Projector 1080p DLP86 Black;2499,00;Clackamas;Melinda;Dominguez
WWI Projector 1080p DLP86 White;2499,00;Dresden;Terrence;Xie
Contoso Projector 1080p X981 White;2499,00;Birmingham;Shannon;Torres
Contoso Projector 1080p X981 Black;2499,00;York;Edwin;Raji
Contoso Projector 1080p X981 Silver;2499,00;Camarillo;Kellie;Gomez
WWI Projector 1080p DLP86 White;2499,00;Dresden;Desiree;Ortega
Proseware Projector 1080p DLP86 Black;2499,00;Roubaix;Shelby;Bailey
WWI Projector 1080p DLP86 Silver;2499,00;Goulburn;Jaclyn;Zheng
WWI Projector 1080p DLP86 Black;2499,00;Clackamas;Tony;Anand
WWI Projector 1080p DLP86 White;2499,00;Dresden;Russell;She
Contoso Projector 1080p X981 White;2499,00;Birmingham;Rafael;Zhao
Contoso Projector 1080p X981 Black;2499,00;York;Alejandro;Tang
Contoso Projector 1080p X981 Silver;2499,00;Camarillo;NULL;NULL
WWI Projector 1080p DLP86 White;2499,00;Dresden;Linda;Gill
Proseware Projector 1080p DLP86 Black;2499,00;Roubaix;Edgar;Malhotra
Proseware Projector 1080p DLP86 Silver;2499,00;Versailles;Ivan;Raman
WWI Projector 1080p DLP86 Black;2499,00;Clackamas;NULL;NULL
WWI Projector 1080p DLP86 White;2499,00;Dresden;Brandi;Gutierrez
Contoso Projector 1080p X981 White;2499,00;Birmingham;Kari;Fernandez
Contoso Projector 1080p X981 Black;2499,00;York;Felicia;Ramos
Contoso Projector 1080p X981 Silver;2499,00;Camarillo;Drew;Raji
WWI Projector 1080p DLP86 White;2499,00;Dresden;Jake;She
Proseware Projector 1080p DLP86 Black;2499,00;Roubaix;Arthur;Van
WWI Projector 1080p DLP86 Silver;2499,00;Goulburn;Kathryn;Chapman
WWI Projector 1080p DLP86 Black;2499,00;Clackamas;Melinda;Dominguez
WWI Projector 1080p DLP86 White;2499,00;Dresden;Jaime;Yuan
Contoso Projector 1080p X981 White;2499,00;Birmingham;Dawn;Luo
Contoso Projector 1080p X981 Black;2499,00;York;Alberto;Romero
Contoso Projector 1080p X981 Silver;2499,00;Camarillo;Kellie;Gomez
WWI Projector 1080p DLP86 White;2499,00;Dresden;Kendra;Moreno
Proseware Projector 1080p DLP86 Black;2499,00;Roubaix;Jimmy;Carlson
Proseware Projector 1080p DLP86 Silver;2499,00;Versailles;Shawna;Xie
WWI Projector 1080p DLP86 Black;2499,00;Clackamas;Tony;Anand
WWI Projector 1080p DLP86 White;2499,00;Dresden;Jimmy;Suarez
Contoso Projector 1080p X981 White;2499,00;Birmingham;Naomi;Dominguez
Contoso Projector 1080p X981 Black;2499,00;York;Eugene;Ye
Contoso Projector 1080p X981 Silver;2499,00;Camarillo;NULL;NULL
WWI Projector 1080p DLP86 White;2499,00;Dresden;Robyn;Diaz
Proseware Projector 1080p DLP86 Black;2499,00;Roubaix;Cesar;McDonald
WWI Projector 1080p DLP86 Silver;2499,00;Goulburn;Rosa;Wang
WWI Projector 1080p DLP86 Black;2499,00;Clackamas;NULL;NULL
WWI Projector 1080p DLP86 White;2499,00;Dresden;Tammy;Martinez
Contoso Projector 1080p X981 White;2499,00;Birmingham;Tabitha;Smith
Contoso Projector 1080p X981 Black;2499,00;York;Glenn;Zhou
Contoso Projector 1080p X981 Silver;2499,00;Camarillo;Drew;Raji
WWI Projector 1080p DLP86 White;2499,00;Dresden;Billy;Rubio
Proseware Projector 1080p DLP86 Black;2499,00;Roubaix;Ethan;Bryant
Proseware Projector 1080p DLP86 Silver;2499,00;Versailles;Kyle;Roberts
WWI Projector 1080p DLP86 Black;2499,00;Clackamas;Melinda;Dominguez
WWI Projector 1080p DLP86 White;2499,00;Dresden;Casey;Gomez
Contoso Projector 1080p X981 White;2499,00;Birmingham;Barry;Rana
Contoso Projector 1080p X981 Black;2499,00;York;Bonnie;Shan
Contoso Projector 1080p X981 Silver;2499,00;Camarillo;Kellie;Gomez
WWI Projector 1080p DLP86 White;2499,00;Dresden;Frank;Blanco
Proseware Projector 1080p DLP86 Black;2499,00;Roubaix;Christian;Clark
WWI Projector 1080p DLP86 Silver;2499,00;Goulburn;Shannon;Yang
WWI Projector 1080p DLP86 Black;2499,00;Clackamas;Tony;Anand
WWI Projector 1080p DLP86 White;2499,00;Dresden;Johnny;Andersen
Contoso Projector 1080p X981 White;2499,00;Birmingham;Robin;Sanz
Contoso Projector 1080p X981 Black;2499,00;York;Krystal;Liang
Contoso Projector 1080p X981 Silver;2499,00;Camarillo;NULL;NULL
WWI Projector 1080p DLP86 White;2499,00;Dresden;Alisha;Andersen
Proseware Projector 1080p DLP86 Black;2499,00;Roubaix;Jason;Gonzales
Proseware Projector 1080p DLP86 Silver;2499,00;Versailles;Isaac;Gray
WWI Projector 1080p DLP86 Black;2499,00;Clackamas;NULL;NULL
WWI Projector 1080p DLP86 White;2499,00;Dresden;Heather;Xu
Contoso Projector 1080p X981 White;2499,00;Birmingham;Cassie;Luo
Contoso Projector 1080p X981 Black;2499,00;York;Sergio;Sai
Contoso Projector 1080p X981 Silver;2499,00;Camarillo;Drew;Raji
WWI Projector 1080p DLP86 White;2499,00;Dresden;Jaclyn;He
Proseware Projector 1080p DLP86 Black;2499,00;Roubaix;Darryl;West
WWI Projector 1080p DLP86 Silver;2499,00;Goulburn;Shaun;Shen
WWI Projector 1080p DLP86 Black;2499,00;Clackamas;Melinda;Dominguez
WWI Projector 1080p DLP86 White;2499,00;Dresden;Brandi;Vazquez
Contoso Projector 1080p X981 White;2499,00;Birmingham;Suzanne;He
Contoso Projector 1080p X981 Black;2499,00;York;Casey;Shen
Contoso Projector 1080p X981 Silver;2499,00;Camarillo;Kellie;Gomez
WWI Projector 1080p DLP86 White;2499,00;Dresden;Joel;Vance
Proseware Projector 1080p DLP86 Black;2499,00;Roubaix;Misty;Nara
Proseware Projector 1080p DLP86 Silver;2499,00;Versailles;Abby;Sandberg
WWI Projector 1080p DLP86 Black;2499,00;Clackamas;Tony;Anand
WWI Projector 1080p DLP86 White;2499,00;Dresden;Joe;Dominguez
Contoso Projector 1080p X981 White;2499,00;Birmingham;Shawna;Jai
Contoso Projector 1080p X981 Black;2499,00;York;Wendy;Gutierrez
Contoso Projector 1080p X981 Silver;2499,00;Camarillo;NULL;NULL
WWI Projector 1080p DLP86 White;2499,00;Dresden;Dominique;Jordan
Proseware Projector 1080p DLP86 Black;2499,00;Roubaix;Denise;Raman
WWI Projector 1080p DLP86 Silver;2499,00;Goulburn;Krystal;Hu
WWI Projector 1080p DLP86 Black;2499,00;Clackamas;NULL;NULL
WWI Projector 1080p DLP86 White;2499,00;Dresden;Audrey;Diaz
Contoso Projector 1080p X981 White;2499,00;Birmingham;Bethany;Shen
Contoso Projector 1080p X981 Black;2499,00;York;Audrey;Ruiz
Contoso Projector 1080p X981 Silver;2499,00;Camarillo;Drew;Raji
WWI Projector 1080p DLP86 White;2499,00;Dresden;NULL;NULL
Proseware Projector 1080p DLP86 Black;2499,00;Roubaix;Robert;Patterson
Proseware Projector 1080p DLP86 Silver;2499,00;Versailles;Lance;Gill
WWI Projector 1080p DLP86 Black;2499,00;Clackamas;Melinda;Dominguez
WWI Projector 1080p DLP86 White;2499,00;Dresden;Reginald;Ramos
Contoso Projector 1080p X981 White;2499,00;Birmingham;Valerie;Zeng
Contoso Projector 1080p X981 Black;2499,00;York;Joy;Gomez
Contoso Projector 1080p X981 Silver;2499,00;Camarillo;Kellie;Gomez
WWI Projector 1080p DLP86 White;2499,00;Dresden;Brenda;Garcia
Proseware Projector 1080p DLP86 Black;2499,00;Roubaix;Emmanuel;Rana
WWI Projector 1080p DLP86 Silver;2499,00;Goulburn;Kelsey;Yuan
WWI Projector 1080p DLP86 Black;2499,00;Clackamas;Tony;Anand
WWI Projector 1080p DLP86 White;2499,00;Dresden;Peter;Jai
Contoso Projector 1080p X981 White;2499,00;Birmingham;Randall;Gill
Contoso Projector 1080p X981 Black;2499,00;York;Karla;Becker
Contoso Projector 1080p X981 Silver;2499,00;Camarillo;NULL;NULL
WWI Projector 1080p DLP86 White;2499,00;Dresden;Krista;Martin
Proseware Projector 1080p DLP86 Black;2499,00;Roubaix;Ethan;Henderson
Proseware Projector 1080p DLP86 Silver;2499,00;Versailles;Blake;Roberts
WWI Projector 1080p DLP86 Black;2499,00;Clackamas;NULL;NULL
WWI Projector 1080p DLP86 White;2499,00;Dresden;Dana;Ruiz
Contoso Projector 1080p X981 White;2499,00;Birmingham;Willie;Black
Contoso Projector 1080p X981 Black;2499,00;York;Heather;Li
Contoso Projector 1080p X981 Silver;2499,00;Camarillo;Drew;Raji
WWI Projector 1080p DLP86 White;2499,00;Dresden;Julio;Vazquez
Proseware Projector 1080p DLP86 Black;2499,00;Roubaix;Christy;Shan
WWI Projector 1080p DLP86 Silver;2499,00;Goulburn;Ethan;Jones
WWI Projector 1080p DLP86 Black;2499,00;Clackamas;Melinda;Dominguez
WWI Projector 1080p DLP86 White;2499,00;Dresden;Ashlee;Shan
Contoso Projector 1080p X981 White;2499,00;Birmingham;Darren;Romero
Contoso Projector 1080p X981 Black;2499,00;York;Marc;Schmidt
Contoso Projector 1080p X981 Silver;2499,00;Camarillo;Kellie;Gomez
WWI Projector 1080p DLP86 White;2499,00;Dresden;Terrence;Xie
Proseware Projector 1080p DLP86 Black;2499,00;Roubaix;Kathleen;Ramos
Proseware Projector 1080p DLP86 Silver;2499,00;Versailles;Robert;Parker
WWI Projector 1080p DLP86 Black;2499,00;Clackamas;Tony;Anand
WWI Projector 1080p DLP86 White;2499,00;Dresden;Desiree;Ortega
Contoso Projector 1080p X981 White;2499,00;Birmingham;Brad;Xie
Contoso Projector 1080p X981 Black;2499,00;York;Lucas;Johnson
Contoso Projector 1080p X981 Silver;2499,00;Camarillo;NULL;NULL
WWI Projector 1080p DLP86 White;2499,00;Dresden;Russell;She
Proseware Projector 1080p DLP86 Black;2499,00;Roubaix;Noah;Long
WWI Projector 1080p DLP86 Silver;2499,00;Goulburn;Bryant;Sanchez
WWI Projector 1080p DLP86 Black;2499,00;Clackamas;NULL;NULL
WWI Projector 1080p DLP86 White;2499,00;Dresden;Linda;Gill
Contoso Projector 1080p X981 White;2499,00;Birmingham;Virginia;Srini
Contoso Projector 1080p X981 Black;2499,00;York;Louis;Xie
Contoso Projector 1080p X981 Silver;2499,00;Camarillo;Drew;Raji
WWI Projector 1080p DLP86 White;2499,00;Dresden;Brandi;Gutierrez
Proseware Projector 1080p DLP86 Black;2499,00;Roubaix;Riley;Bradley
Proseware Projector 1080p DLP86 Silver;2499,00;Versailles;Dana;Alvarez
WWI Projector 1080p DLP86 Black;2499,00;Clackamas;Melinda;Dominguez
WWI Projector 1080p DLP86 White;2499,00;Dresden;Jake;She
Contoso Projector 1080p X981 White;2499,00;Birmingham;George;Mehta
Contoso Projector 1080p X981 Black;2499,00;York;Latasha;Alonso
Contoso Projector 1080p X981 Silver;2499,00;Camarillo;Kellie;Gomez
WWI Projector 1080p DLP86 White;2499,00;Dresden;Jaime;Yuan
Proseware Projector 1080p DLP86 Black;2499,00;Roubaix;Jaclyn;Pal
WWI Projector 1080p DLP86 Silver;2499,00;Goulburn;Justin;Li
WWI Projector 1080p DLP86 Black;2499,00;Clackamas;Tony;Anand
WWI Projector 1080p DLP86 White;2499,00;Dresden;Kendra;Moreno
Contoso Projector 1080p X981 White;2499,00;Birmingham;Albert;Suarez
Contoso Projector 1080p X981 Black;2499,00;York;Teresa;Ramos
Contoso Projector 1080p X981 Silver;2499,00;Camarillo;NULL;NULL
WWI Projector 1080p DLP86 White;2499,00;Dresden;Jimmy;Suarez
Proseware Projector 1080p DLP86 Black;2499,00;Roubaix;Katelyn;Howard
Proseware Projector 1080p DLP86 Silver;2499,00;Versailles;Jon;Goel
WWI Projector 1080p DLP86 Black;2499,00;Clackamas;NULL;NULL
WWI Projector 1080p DLP86 White;2499,00;Dresden;Robyn;Diaz
Contoso Projector 1080p X981 White;2499,00;Birmingham;Francisco;Vance
Contoso Projector 1080p X981 Black;2499,00;York;Charles;Taylor
Contoso Projector 1080p X981 Silver;2499,00;Camarillo;Drew;Raji
WWI Projector 1080p DLP86 White;2499,00;Dresden;Tammy;Martinez
Proseware Projector 1080p DLP86 Black;2499,00;Roubaix;Jacqueline;Bradley
WWI Projector 1080p DLP86 Silver;2499,00;Goulburn;Jermaine;Chandra
WWI Projector 1080p DLP86 Black;2499,00;Clackamas;Melinda;Dominguez
WWI Projector 1080p DLP86 White;2499,00;Dresden;Billy;Rubio
Contoso Projector 1080p X981 White;2499,00;Birmingham;Sheila;Serrano
Contoso Projector 1080p X981 Black;2499,00;York;Clayton;Kumar
Contoso Projector 1080p X981 Silver;2499,00;Camarillo;Kellie;Gomez
WWI Projector 1080p DLP86 White;2499,00;Dresden;Casey;Gomez
Proseware Projector 1080p DLP86 Black;2499,00;Roubaix;Christy;Beck
Proseware Projector 1080p DLP86 Silver;2499,00;Versailles;Stanley;Subram
WWI Projector 1080p DLP86 Black;2499,00;Clackamas;Tony;Anand
WWI Projector 1080p DLP86 White;2499,00;Dresden;Frank;Blanco
Contoso Projector 1080p X981 White;2499,00;Birmingham;Mario;Xu
Contoso Projector 1080p X981 Black;2499,00;York;Craig;Moreno
Contoso Projector 1080p X981 Silver;2499,00;Camarillo;NULL;NULL
WWI Projector 1080p DLP86 White;2499,00;Dresden;Johnny;Andersen
Proseware Projector 1080p DLP86 Black;2499,00;Roubaix;Allison;Adams
WWI Projector 1080p DLP86 Silver;2499,00;Goulburn;Brendan;Shen
WWI Projector 1080p DLP86 Black;2499,00;Clackamas;NULL;NULL
WWI Projector 1080p DLP86 White;2499,00;Dresden;Alisha;Andersen
Contoso Projector 1080p X981 White;2499,00;Birmingham;Terry;Luo
Contoso Projector 1080p X981 Black;2499,00;York;Autumn;Zhu
Contoso Projector 1080p X981 Silver;2499,00;Camarillo;Drew;Raji
WWI Projector 1080p DLP86 White;2499,00;Dresden;Heather;Xu
Proseware Projector 1080p DLP86 Black;2499,00;Roubaix;Sierra;Baker
Proseware Projector 1080p DLP86 Silver;2499,00;Versailles;Ian;Hall
WWI Projector 1080p DLP86 Black;2499,00;Clackamas;Melinda;Dominguez
WWI Projector 1080p DLP86 White;2499,00;Dresden;Jaclyn;He
Contoso Projector 1080p X981 White;2499,00;Birmingham;Rosa;Sun
Contoso Projector 1080p X981 Black;2499,00;York;Brendan;Xu
Contoso Projector 1080p X981 Silver;2499,00;Camarillo;Kellie;Gomez
WWI Projector 1080p DLP86 White;2499,00;Dresden;Brandi;Vazquez
Proseware Projector 1080p DLP86 Black;2499,00;Roubaix;Terry;Nath
WWI Projector 1080p DLP86 Silver;2499,00;Goulburn;Evelyn;Perez
WWI Projector 1080p DLP86 Black;2499,00;Clackamas;Tony;Anand
WWI Projector 1080p DLP86 White;2499,00;Dresden;Joel;Vance
Contoso Projector 1080p X981 White;2499,00;Birmingham;Meagan;Malhotra
Contoso Projector 1080p X981 Black;2499,00;York;Dominique;Lopez
Contoso Projector 1080p X981 Silver;2499,00;Camarillo;NULL;NULL
WWI Projector 1080p DLP86 White;2499,00;Dresden;Joe;Dominguez
Proseware Projector 1080p DLP86 Black;2499,00;Roubaix;Mackenzie;Rogers
Proseware Projector 1080p DLP86 Silver;2499,00;Versailles;Dustin;Raje
WWI Projector 1080p DLP86 Black;2499,00;Clackamas;NULL;NULL
WWI Projector 1080p DLP86 White;2499,00;Dresden;Dominique;Jordan
Contoso Projector 1080p X981 White;2499,00;Birmingham;Omar;Zhao
Contoso Projector 1080p X981 Black;2499,00;York;Roy;Fernandez
Contoso Projector 1080p X981 Silver;2499,00;Camarillo;Drew;Raji
WWI Projector 1080p DLP86 White;2499,00;Dresden;Audrey;Diaz
Proseware Projector 1080p DLP86 Black;2499,00;Roubaix;Noah;Johnson
WWI Projector 1080p DLP86 Silver;2499,00;Goulburn;Micah;Wang
WWI Projector 1080p DLP86 Black;2499,00;Clackamas;Melinda;Dominguez
WWI Projector 1080p DLP86 White;2499,00;Dresden;NULL;NULL
Contoso Projector 1080p X981 White;2499,00;Birmingham;Jermaine;Subram
Contoso Projector 1080p X981 Black;2499,00;York;Cedric;Yuan
Contoso Projector 1080p X981 Silver;2499,00;Camarillo;Kellie;Gomez
WWI Projector 1080p DLP86 White;2499,00;Dresden;Reginald;Ramos
Proseware Projector 1080p DLP86 Black;2499,00;Roubaix;Angela;Cook
Proseware Projector 1080p DLP86 Silver;2499,00;Versailles;Julie;She
WWI Projector 1080p DLP86 Black;2499,00;Clackamas;Tony;Anand
WWI Projector 1080p DLP86 White;2499,00;Dresden;Brenda;Garcia
Contoso Projector 1080p X981 White;2499,00;Birmingham;Marie;Gutierrez
Contoso Projector 1080p X981 Black;2499,00;York;Megan;Richardson
Contoso Projector 1080p X981 Silver;2499,00;Camarillo;NULL;NULL
WWI Projector 1080p DLP86 White;2499,00;Dresden;Peter;Jai
Proseware Projector 1080p DLP86 Black;2499,00;Roubaix;Kristin;Xu
WWI Projector 1080p DLP86 Silver;2499,00;Goulburn;Lucas;Moore
WWI Projector 1080p DLP86 Black;2499,00;Clackamas;NULL;NULL
WWI Projector 1080p DLP86 White;2499,00;Dresden;Krista;Martin
Contoso Projector 1080p X981 White;2499,00;Birmingham;NULL;NULL
Contoso Projector 1080p X981 Black;2499,00;York;Paul;Suurs
Contoso Projector 1080p X981 Silver;2499,00;Camarillo;Drew;Raji
WWI Projector 1080p DLP86 White;2499,00;Dresden;Dana;Ruiz
Proseware Projector 1080p DLP86 Black;2499,00;Roubaix;Mario;Andersen
Proseware Projector 1080p DLP86 Silver;2499,00;Versailles;Leonard;Chander
WWI Projector 1080p DLP86 Black;2499,00;Clackamas;Melinda;Dominguez
WWI Projector 1080p DLP86 White;2499,00;Dresden;Julio;Vazquez
Contoso Projector 1080p X981 White;2499,00;Birmingham;Mayra;Prasad
Contoso Projector 1080p X981 Black;2499,00;York;Maria;Long
Contoso Projector 1080p X981 Silver;2499,00;Camarillo;Kellie;Gomez
WWI Projector 1080p DLP86 White;2499,00;Dresden;Ashlee;Shan
Proseware Projector 1080p DLP86 Black;2499,00;Roubaix;Evelyn;Prasad
WWI Projector 1080p DLP86 Silver;2499,00;Goulburn;Marcus;Henderson
WWI Projector 1080p DLP86 Black;2499,00;Clackamas;Tony;Anand
WWI Projector 1080p DLP86 White;2499,00;Dresden;Terrence;Xie
Contoso Projector 1080p X981 White;2499,00;Birmingham;Ebony;Gill
Contoso Projector 1080p X981 Black;2499,00;York;Philip;Moyer
Contoso Projector 1080p X981 Silver;2499,00;Camarillo;NULL;NULL
WWI Projector 1080p DLP86 White;2499,00;Dresden;Desiree;Ortega
Proseware Projector 1080p DLP86 Black;2499,00;Roubaix;Edwin;Yuan
Proseware Projector 1080p DLP86 Silver;2499,00;Versailles;Katelyn;Peterson
WWI Projector 1080p DLP86 Black;2499,00;Clackamas;NULL;NULL
WWI Projector 1080p DLP86 White;2499,00;Dresden;Russell;She
Contoso Projector 1080p X981 White;2499,00;Birmingham;Amy;Li
Contoso Projector 1080p X981 Black;2499,00;York;Jodi;Xu
Contoso Projector 1080p X981 Silver;2499,00;Camarillo;Drew;Raji
WWI Projector 1080p DLP86 White;2499,00;Dresden;Linda;Gill
Proseware Projector 1080p DLP86 Black;2499,00;Roubaix;Nicolas;Jai
WWI Projector 1080p DLP86 Silver;2499,00;Goulburn;Tina;Sai
WWI Projector 1080p DLP86 Black;2499,00;Clackamas;Melinda;Dominguez
WWI Projector 1080p DLP86 White;2499,00;Dresden;Brandi;Gutierrez
Contoso Projector 1080p X981 White;2499,00;Birmingham;Shannon;Torres
Contoso Projector 1080p X981 Black;2499,00;York;Rosa;Wu
Contoso Projector 1080p X981 Silver;2499,00;Camarillo;Kellie;Gomez
WWI Projector 1080p DLP86 White;2499,00;Dresden;Jake;She
Proseware Projector 1080p DLP86 Black;2499,00;Roubaix;Mariah;Bennett
Proseware Projector 1080p DLP86 Silver;2499,00;Versailles;Logan;Garcia
WWI Projector 1080p DLP86 Black;2499,00;Clackamas;Tony;Anand
WWI Projector 1080p DLP86 White;2499,00;Dresden;Jaime;Yuan
Contoso Projector 1080p X981 White;2499,00;Birmingham;Rafael;Zhao
Contoso Projector 1080p X981 Black;2499,00;York;Ricardo;Sharma
Contoso Projector 1080p X981 Silver;2499,00;Camarillo;NULL;NULL
WWI Projector 1080p DLP86 White;2499,00;Dresden;Kendra;Moreno
Proseware Projector 1080p DLP86 Black;2499,00;Roubaix;Yolanda;Anand
WWI Projector 1080p DLP86 Silver;2499,00;Goulburn;Kristy;Alvarez
WWI Projector 1080p DLP86 Black;2499,00;Clackamas;NULL;NULL
WWI Projector 1080p DLP86 White;2499,00;Dresden;Jimmy;Suarez
Contoso Projector 1080p X981 White;2499,00;Birmingham;Kari;Fernandez
Contoso Projector 1080p X981 Black;2499,00;York;Teresa;Diaz
Contoso Projector 1080p X981 Silver;2499,00;Camarillo;Drew;Raji
WWI Projector 1080p DLP86 White;2499,00;Dresden;Robyn;Diaz
Proseware Projector 1080p DLP86 Black;2499,00;Roubaix;Michele;Hernandez
Proseware Projector 1080p DLP86 Silver;2499,00;Versailles;Sydney;Wilson
WWI Projector 1080p DLP86 Black;2499,00;Clackamas;Melinda;Dominguez
WWI Projector 1080p DLP86 White;2499,00;Dresden;Tammy;Martinez
Contoso Projector 1080p X981 White;2499,00;Birmingham;Dawn;Luo
Contoso Projector 1080p X981 Black;2499,00;York;Jessica;Patterson
Contoso Projector 1080p X981 Silver;2499,00;Camarillo;Kellie;Gomez
WWI Projector 1080p DLP86 White;2499,00;Dresden;Billy;Rubio
Proseware Projector 1080p DLP86 Black;2499,00;Roubaix;Autumn;He
WWI Projector 1080p DLP86 Silver;2499,00;Goulburn;Joanna;Carlson
WWI Projector 1080p DLP86 Black;2499,00;Clackamas;Tony;Anand
WWI Projector 1080p DLP86 White;2499,00;Dresden;Casey;Gomez
Contoso Projector 1080p X981 White;2499,00;Birmingham;Naomi;Dominguez
Contoso Projector 1080p X981 Black;2499,00;York;Karla;Anand
Contoso Projector 1080p X981 Silver;2499,00;Camarillo;NULL;NULL
WWI Projector 1080p DLP86 White;2499,00;Dresden;Frank;Blanco
Proseware Projector 1080p DLP86 Black;2499,00;Roubaix;Sandra;Wu
Proseware Projector 1080p DLP86 Silver;2499,00;Versailles;Alexa;Peterson
WWI Projector 1080p DLP86 Black;2499,00;Clackamas;NULL;NULL
WWI Projector 1080p DLP86 White;2499,00;Dresden;Johnny;Andersen
Contoso Projector 1080p X981 White;2499,00;Birmingham;Tabitha;Smith
Contoso Projector 1080p X981 Black;2499,00;York;Ian;Torres
Contoso Projector 1080p X981 Silver;2499,00;Camarillo;Drew;Raji
WWI Projector 1080p DLP86 White;2499,00;Dresden;Alisha;Andersen
Proseware Projector 1080p DLP86 Black;2499,00;Roubaix;Mason;Stewart
WWI Projector 1080p DLP86 Silver;2499,00;Goulburn;Savannah;Gonzalez
WWI Projector 1080p DLP86 Black;2499,00;Clackamas;Melinda;Dominguez
WWI Projector 1080p DLP86 White;2499,00;Dresden;Heather;Xu
Contoso Projector 1080p X981 White;2499,00;Birmingham;Barry;Rana
Contoso Projector 1080p X981 Black;2499,00;York;Jack;King
Contoso Projector 1080p X981 Silver;2499,00;Camarillo;Kellie;Gomez
WWI Projector 1080p DLP86 White;2499,00;Dresden;Jaclyn;He
Proseware Projector 1080p DLP86 Black;2499,00;Roubaix;Jordan;Parker
Proseware Projector 1080p DLP86 Silver;2499,00;Versailles;Gary;Blanco
WWI Projector 1080p DLP86 Black;2499,00;Clackamas;Tony;Anand
WWI Projector 1080p DLP86 White;2499,00;Dresden;Brandi;Vazquez
Contoso Projector 1080p X981 White;2499,00;Birmingham;Robin;Sanz
Contoso Projector 1080p X981 Black;2499,00;York;Deanna;Diaz
Contoso Projector 1080p X981 Silver;2499,00;Camarillo;NULL;NULL
WWI Projector 1080p DLP86 White;2499,00;Dresden;Joel;Vance
Proseware Projector 1080p DLP86 Black;2499,00;Roubaix;Kenneth;Pal
WWI Projector 1080p DLP86 Silver;2499,00;Goulburn;Roy;Raman
WWI Projector 1080p DLP86 Black;2499,00;Clackamas;NULL;NULL
WWI Projector 1080p DLP86 White;2499,00;Dresden;Joe;Dominguez
Contoso Projector 1080p X981 White;2499,00;Birmingham;Cassie;Luo
Contoso Projector 1080p X981 Black;2499,00;York;Kathleen;Alvarez
Contoso Projector 1080p X981 Silver;2499,00;Camarillo;Drew;Raji
WWI Projector 1080p DLP86 White;2499,00;Dresden;Dominique;Jordan
Proseware Projector 1080p DLP86 Black;2499,00;Roubaix;Meredith;Srini
Proseware Projector 1080p DLP86 Silver;2499,00;Versailles;Nicole;Gonzales
WWI Projector 1080p DLP86 Black;2499,00;Clackamas;Melinda;Dominguez
WWI Projector 1080p DLP86 White;2499,00;Dresden;Audrey;Diaz
Contoso Projector 1080p X981 White;2499,00;Birmingham;Suzanne;He
Contoso Projector 1080p X981 Black;2499,00;York;Raquel;Alvarez
Contoso Projector 1080p X981 Silver;2499,00;Camarillo;Kellie;Gomez
WWI Projector 1080p DLP86 White;2499,00;Dresden;NULL;NULL
Proseware Projector 1080p DLP86 Black;2499,00;Roubaix;Fernando;Collins
WWI Projector 1080p DLP86 Silver;2499,00;Goulburn;Tiffany;Gao
WWI Projector 1080p DLP86 Black;2499,00;Clackamas;Tony;Anand
WWI Projector 1080p DLP86 White;2499,00;Dresden;Reginald;Ramos
Contoso Projector 1080p X981 White;2499,00;Birmingham;Shawna;Jai
Contoso Projector 1080p X981 Black;2499,00;York;Cassandra;Gonzalez
Contoso Projector 1080p X981 Silver;2499,00;Camarillo;NULL;NULL
WWI Projector 1080p DLP86 White;2499,00;Dresden;Brenda;Garcia
Proseware Projector 1080p DLP86 Black;2499,00;Roubaix;Masato;Kawai
Proseware Projector 1080p DLP86 Silver;2499,00;Versailles;Maria;Coleman
WWI Projector 1080p DLP86 Black;2499,00;Clackamas;NULL;NULL
WWI Projector 1080p DLP86 White;2499,00;Dresden;Peter;Jai
Contoso Projector 1080p X981 White;2499,00;Birmingham;Bethany;Shen
Contoso Projector 1080p X981 Black;2499,00;York;Stanley;Srini
Contoso Projector 1080p X981 Silver;2499,00;Camarillo;Drew;Raji
WWI Projector 1080p DLP86 White;2499,00;Dresden;Krista;Martin
Proseware Projector 1080p DLP86 Black;2499,00;Roubaix;Max;Torres
WWI Projector 1080p DLP86 Silver;2499,00;Goulburn;Martha;Liang
WWI Projector 1080p DLP86 Black;2499,00;Clackamas;Melinda;Dominguez
WWI Projector 1080p DLP86 White;2499,00;Dresden;Dana;Ruiz
Contoso Projector 1080p X981 White;2499,00;Birmingham;Valerie;Zeng
Contoso Projector 1080p X981 Black;2499,00;York;Katrina;Luo
Contoso Projector 1080p X981 Silver;2499,00;Camarillo;Kellie;Gomez
WWI Projector 1080p DLP86 White;2499,00;Dresden;Julio;Vazquez
Proseware Projector 1080p DLP86 Black;2499,00;Roubaix;Haley;Lopez
Proseware Projector 1080p DLP86 Silver;2499,00;Versailles;Megan;Ward
WWI Projector 1080p DLP86 Black;2499,00;Clackamas;Tony;Anand
WWI Projector 1080p DLP86 White;2499,00;Dresden;Ashlee;Shan
Contoso Projector 1080p X981 White;2499,00;Birmingham;Randall;Gill
Contoso Projector 1080p X981 Black;2499,00;York;Carly;Shan
Contoso Projector 1080p X981 Silver;2499,00;Camarillo;NULL;NULL
WWI Projector 1080p DLP86 White;2499,00;Dresden;Terrence;Xie
Proseware Projector 1080p DLP86 Black;2499,00;Roubaix;Roy;Rubio
WWI Projector 1080p DLP86 Silver;2499,00;Goulburn;Jonathon;Gutierrez
WWI Projector 1080p DLP86 Black;2499,00;Clackamas;NULL;NULL
WWI Projector 1080p DLP86 White;2499,00;Dresden;Desiree;Ortega
Contoso Projector 1080p X981 White;2499,00;Birmingham;Willie;Black
Contoso Projector 1080p X981 Black;2499,00;York;Craig;Gutierrez
Contoso Projector 1080p X981 Silver;2499,00;Camarillo;Drew;Raji
WWI Projector 1080p DLP86 White;2499,00;Dresden;Russell;She
Proseware Projector 1080p DLP86 Black;2499,00;Roubaix;Alexandra;Robinson
Proseware Projector 1080p DLP86 Silver;2499,00;Versailles;Desiree;Bradley
WWI Projector 1080p DLP86 Black;2499,00;Clackamas;Melinda;Dominguez
WWI Projector 1080p DLP86 White;2499,00;Dresden;Linda;Gill
Contoso Projector 1080p X981 White;2499,00;Birmingham;Darren;Romero
Contoso Projector 1080p X981 Black;2499,00;York;Carl;Shen
Contoso Projector 1080p X981 Silver;2499,00;Camarillo;Kellie;Gomez
WWI Projector 1080p DLP86 White;2499,00;Dresden;Brandi;Gutierrez
Proseware Projector 1080p DLP86 Black;2499,00;Roubaix;Michele;Shan
WWI Projector 1080p DLP86 Silver;2499,00;Goulburn;Emily;Jones
WWI Projector 1080p DLP86 Black;2499,00;Clackamas;Tony;Anand
WWI Projector 1080p DLP86 White;2499,00;Dresden;Jake;She
Contoso Projector 1080p X981 White;2499,00;Birmingham;Brad;Xie
Contoso Projector 1080p X981 Black;2499,00;York;Christian;Powell
Contoso Projector 1080p X981 Silver;2499,00;Camarillo;NULL;NULL
WWI Projector 1080p DLP86 White;2499,00;Dresden;Jaime;Yuan
Proseware Projector 1080p DLP86 Black;2499,00;Roubaix;Terrance;Subram
Proseware Projector 1080p DLP86 Silver;2499,00;Versailles;Jeffery;Guo
WWI Projector 1080p DLP86 Black;2499,00;Clackamas;NULL;NULL
WWI Projector 1080p DLP86 White;2499,00;Dresden;Kendra;Moreno
Contoso Projector 1080p X981 White;2499,00;Birmingham;Virginia;Srini
Contoso Projector 1080p X981 Black;2499,00;York;Armando;Muñoz
Contoso Projector 1080p X981 Silver;2499,00;Camarillo;Drew;Raji
WWI Projector 1080p DLP86 White;2499,00;Dresden;Jimmy;Suarez
Proseware Projector 1080p DLP86 Black;2499,00;Roubaix;Fernando;Butler
WWI Projector 1080p DLP86 Silver;2499,00;Goulburn;Lee;Blanco
WWI Projector 1080p DLP86 Black;2499,00;Clackamas;Melinda;Dominguez
WWI Projector 1080p DLP86 White;2499,00;Dresden;Robyn;Diaz
Contoso Projector 1080p X981 White;2499,00;Birmingham;George;Mehta
Contoso Projector 1080p X981 Black;2499,00;York;Joy;Alonso
Contoso Projector 1080p X981 Silver;2499,00;Camarillo;Kellie;Gomez
WWI Projector 1080p DLP86 White;2499,00;Dresden;Tammy;Martinez
Proseware Projector 1080p DLP86 Black;2499,00;Roubaix;Krystal;Wagner
Proseware Projector 1080p DLP86 Silver;2499,00;Versailles;Xavier;White
WWI Projector 1080p DLP86 Black;2499,00;Clackamas;Tony;Anand
WWI Projector 1080p DLP86 White;2499,00;Dresden;Billy;Rubio
Contoso Projector 1080p X981 White;2499,00;Birmingham;Albert;Suarez
Contoso Projector 1080p X981 Black;2499,00;York;Bonnie;Kennedy
Contoso Projector 1080p X981 Silver;2499,00;Camarillo;NULL;NULL
WWI Projector 1080p DLP86 White;2499,00;Dresden;Casey;Gomez
Proseware Projector 1080p DLP86 Black;2499,00;Roubaix;Edward;Patterson
WWI Projector 1080p DLP86 Silver;2499,00;Goulburn;Bryan;Stewart
WWI Projector 1080p DLP86 Black;2499,00;Clackamas;NULL;NULL
WWI Projector 1080p DLP86 White;2499,00;Dresden;Frank;Blanco
Contoso Projector 1080p X981 White;2499,00;Birmingham;Francisco;Vance
Contoso Projector 1080p X981 Black;2499,00;York;Gary;Rubio
Contoso Projector 1080p X981 Silver;2499,00;Camarillo;Drew;Raji
WWI Projector 1080p DLP86 White;2499,00;Dresden;Johnny;Andersen
Proseware Projector 1080p DLP86 Black;2499,00;Roubaix;Jordan;Turner
Proseware Projector 1080p DLP86 Silver;2499,00;Versailles;Ebony;Lopez
WWI Projector 1080p DLP86 Black;2499,00;Clackamas;Melinda;Dominguez
WWI Projector 1080p DLP86 White;2499,00;Dresden;Alisha;Andersen
Contoso Projector 1080p X981 White;2499,00;Birmingham;Sheila;Serrano
Contoso Projector 1080p X981 Black;2499,00;York;Allison;Gray
Contoso Projector 1080p X981 Silver;2499,00;Camarillo;Kellie;Gomez
WWI Projector 1080p DLP86 White;2499,00;Dresden;Heather;Xu
Proseware Projector 1080p DLP86 Black;2499,00;Roubaix;Christine;Chande
WWI Projector 1080p DLP86 Silver;2499,00;Goulburn;Krystal;Lu
WWI Projector 1080p DLP86 Black;2499,00;Clackamas;Tony;Anand
WWI Projector 1080p DLP86 White;2499,00;Dresden;Jaclyn;He
Contoso Projector 1080p X981 White;2499,00;Birmingham;Mario;Xu
Contoso Projector 1080p X981 Black;2499,00;York;Katelyn;Torres
Contoso Projector 1080p X981 Silver;2499,00;Camarillo;NULL;NULL
WWI Projector 1080p DLP86 White;2499,00;Dresden;Brandi;Vazquez
Proseware Projector 1080p DLP86 Black;2499,00;Roubaix;Amanda;Perez
Proseware Projector 1080p DLP86 Silver;2499,00;Versailles;Crystal;Zheng
WWI Projector 1080p DLP86 Black;2499,00;Clackamas;NULL;NULL
WWI Projector 1080p DLP86 White;2499,00;Dresden;Joel;Vance
Contoso Projector 1080p X981 White;2499,00;Birmingham;Terry;Luo
Contoso Projector 1080p X981 Black;2499,00;York;Jordan;Foster
Contoso Projector 1080p X981 Silver;2499,00;Camarillo;Drew;Raji
WWI Projector 1080p DLP86 White;2499,00;Dresden;Joe;Dominguez
Proseware Projector 1080p DLP86 Black;2499,00;Roubaix;Shelby;Bailey
WWI Projector 1080p DLP86 Silver;2499,00;Goulburn;Christy;Lu
WWI Projector 1080p DLP86 Black;2499,00;Clackamas;Melinda;Dominguez
WWI Projector 1080p DLP86 White;2499,00;Dresden;Dominique;Jordan
Contoso Projector 1080p X981 White;2499,00;Birmingham;Rosa;Sun
Contoso Projector 1080p X981 Black;2499,00;York;Pamela;Kapoor
Contoso Projector 1080p X981 Silver;2499,00;Camarillo;Kellie;Gomez
WWI Projector 1080p DLP86 White;2499,00;Dresden;Audrey;Diaz
Proseware Projector 1080p DLP86 Black;2499,00;Roubaix;Edgar;Malhotra
Proseware Projector 1080p DLP86 Silver;2499,00;Versailles;Phillip;Raman
WWI Projector 1080p DLP86 Black;2499,00;Clackamas;Tony;Anand
WWI Projector 1080p DLP86 White;2499,00;Dresden;NULL;NULL
Contoso Projector 1080p X981 White;2499,00;Birmingham;Meagan;Malhotra
Contoso Projector 1080p X981 Black;2499,00;York;Lance;Navarro
Contoso Projector 1080p X981 Silver;2499,00;Camarillo;NULL;NULL
WWI Projector 1080p DLP86 White;2499,00;Dresden;Reginald;Ramos
Proseware Projector 1080p DLP86 Black;2499,00;Roubaix;Arthur;Van
WWI Projector 1080p DLP86 Silver;2499,00;Goulburn;Tanya;Alvarez
WWI Projector 1080p DLP86 Black;2499,00;Clackamas;NULL;NULL
WWI Projector 1080p DLP86 White;2499,00;Dresden;Brenda;Garcia
Contoso Projector 1080p X981 White;2499,00;Birmingham;Omar;Zhao
Contoso Projector 1080p X981 Black;2499,00;York;Clayton;Anand
Contoso Projector 1080p X981 Silver;2499,00;Camarillo;Drew;Raji
WWI Projector 1080p DLP86 White;2499,00;Dresden;Peter;Jai
Proseware Projector 1080p DLP86 Black;2499,00;Roubaix;Jimmy;Carlson
Proseware Projector 1080p DLP86 Silver;2499,00;Versailles;Clayton;Gao
WWI Projector 1080p DLP86 Black;2499,00;Clackamas;Melinda;Dominguez
WWI Projector 1080p DLP86 White;2499,00;Dresden;Krista;Martin
Contoso Projector 1080p X981 White;2499,00;Birmingham;Jermaine;Subram
Contoso Projector 1080p X981 Black;2499,00;York;Darryl;Zeng
Contoso Projector 1080p X981 Silver;2499,00;Camarillo;Kellie;Gomez
WWI Projector 1080p DLP86 White;2499,00;Dresden;Dana;Ruiz
Proseware Projector 1080p DLP86 Black;2499,00;Roubaix;Cesar;McDonald
WWI Projector 1080p DLP86 Silver;2499,00;Goulburn;Jonathan;Green
WWI Projector 1080p DLP86 Black;2499,00;Clackamas;Tony;Anand
WWI Projector 1080p DLP86 White;2499,00;Dresden;Julio;Vazquez
Contoso Projector 1080p X981 White;2499,00;Birmingham;Marie;Gutierrez
Contoso Projector 1080p X981 Black;2499,00;York;Arturo;Yuan
Contoso Projector 1080p X981 Silver;2499,00;Camarillo;NULL;NULL
WWI Projector 1080p DLP86 White;2499,00;Dresden;Ashlee;Shan
Proseware Projector 1080p DLP86 Black;2499,00;Roubaix;Ethan;Bryant
Proseware Projector 1080p DLP86 Silver;2499,00;Versailles;Adam;Hayes
WWI Projector 1080p DLP86 Black;2499,00;Clackamas;NULL;NULL
WWI Projector 1080p DLP86 White;2499,00;Dresden;Terrence;Xie
Contoso Projector 1080p X981 White;2499,00;Birmingham;NULL;NULL
Contoso Projector 1080p X981 Black;2499,00;York;Arthur;Jiménez
Contoso Projector 1080p X981 Silver;2499,00;Camarillo;Drew;Raji
WWI Projector 1080p DLP86 White;2499,00;Dresden;Desiree;Ortega
Proseware Projector 1080p DLP86 Black;2499,00;Roubaix;Christian;Clark
WWI Projector 1080p DLP86 Silver;2499,00;Goulburn;Anna;Williams
WWI Projector 1080p DLP86 Black;2499,00;Clackamas;Melinda;Dominguez
WWI Projector 1080p DLP86 White;2499,00;Dresden;Russell;She
Contoso Projector 1080p X981 White;2499,00;Birmingham;Mayra;Prasad
Contoso Projector 1080p X981 Black;2499,00;York;Cory;Sara
Contoso Projector 1080p X981 Silver;2499,00;Camarillo;Kellie;Gomez
WWI Projector 1080p DLP86 White;2499,00;Dresden;Linda;Gill
Proseware Projector 1080p DLP86 Black;2499,00;Roubaix;Jason;Gonzales
Proseware Projector 1080p DLP86 Silver;2499,00;Versailles;Haley;Howard
WWI Projector 1080p DLP86 Black;2499,00;Clackamas;Tony;Anand
WWI Projector 1080p DLP86 White;2499,00;Dresden;Brandi;Gutierrez
Contoso Projector 1080p X981 White;2499,00;Birmingham;Ebony;Gill
Contoso Projector 1080p X981 Black;2499,00;York;Michele;Schmidt
Contoso Projector 1080p X981 Silver;2499,00;Camarillo;NULL;NULL
WWI Projector 1080p DLP86 White;2499,00;Dresden;Jake;She
Proseware Projector 1080p DLP86 Black;2499,00;Roubaix;Darryl;West
WWI Projector 1080p DLP86 Silver;2499,00;Goulburn;Cesar;Suri
WWI Projector 1080p DLP86 Black;2499,00;Clackamas;NULL;NULL
WWI Projector 1080p DLP86 White;2499,00;Dresden;Jaime;Yuan
Contoso Projector 1080p X981 White;2499,00;Birmingham;Amy;Li
Contoso Projector 1080p X981 Black;2499,00;York;Henry;Suri
Contoso Projector 1080p X981 Silver;2499,00;Camarillo;Drew;Raji
WWI Projector 1080p DLP86 White;2499,00;Dresden;Kendra;Moreno
Proseware Projector 1080p DLP86 Black;2499,00;Roubaix;Misty;Nara
Proseware Projector 1080p DLP86 Silver;2499,00;Versailles;Ramon;Guo
WWI Projector 1080p DLP86 Black;2499,00;Clackamas;Melinda;Dominguez
WWI Projector 1080p DLP86 White;2499,00;Dresden;Jimmy;Suarez
Contoso Projector 1080p X981 White;2499,00;Birmingham;Shannon;Torres
Contoso Projector 1080p X981 Black;2499,00;York;Gregory;Yuan
Contoso Projector 1080p X981 Silver;2499,00;Camarillo;Kellie;Gomez
WWI Projector 1080p DLP86 White;2499,00;Dresden;Robyn;Diaz
Proseware Projector 1080p DLP86 Black;2499,00;Roubaix;Denise;Raman
WWI Projector 1080p DLP86 Silver;2499,00;Goulburn;Ann;Chandra
WWI Projector 1080p DLP86 Black;2499,00;Clackamas;Tony;Anand
WWI Projector 1080p DLP86 White;2499,00;Dresden;Tammy;Martinez
Contoso Projector 1080p X981 White;2499,00;Birmingham;Rafael;Zhao
Contoso Projector 1080p X981 Black;2499,00;York;Lindsay;Nath
Contoso Projector 1080p X981 Silver;2499,00;Camarillo;NULL;NULL
WWI Projector 1080p DLP86 White;2499,00;Dresden;Billy;Rubio
Proseware Projector 1080p DLP86 Black;2499,00;Roubaix;Robert;Patterson
Proseware Projector 1080p DLP86 Silver;2499,00;Versailles;Julie;Andersen
WWI Projector 1080p DLP86 Black;2499,00;Clackamas;NULL;NULL
WWI Projector 1080p DLP86 White;2499,00;Dresden;Casey;Gomez
Contoso Projector 1080p X981 White;2499,00;Birmingham;Kari;Fernandez
Contoso Projector 1080p X981 Black;2499,00;York;Bruce;Sara
Contoso Projector 1080p X981 Silver;2499,00;Camarillo;Drew;Raji
WWI Projector 1080p DLP86 White;2499,00;Dresden;Frank;Blanco
Proseware Projector 1080p DLP86 Black;2499,00;Roubaix;Emmanuel;Rana
WWI Projector 1080p DLP86 Silver;2499,00;Goulburn;Brad;Jai
WWI Projector 1080p DLP86 Black;2499,00;Clackamas;Melinda;Dominguez
WWI Projector 1080p DLP86 White;2499,00;Dresden;Johnny;Andersen
Contoso Projector 1080p X981 White;2499,00;Birmingham;Dawn;Luo
Contoso Projector 1080p X981 Black;2499,00;York;Darren;Raman
Contoso Projector 1080p X981 Silver;2499,00;Camarillo;Kellie;Gomez
WWI Projector 1080p DLP86 White;2499,00;Dresden;Alisha;Andersen
Proseware Projector 1080p DLP86 Black;2499,00;Roubaix;Ethan;Henderson
Proseware Projector 1080p DLP86 Silver;2499,00;Versailles;Carolyn;Sanchez
WWI Projector 1080p DLP86 Black;2499,00;Clackamas;Tony;Anand
WWI Projector 1080p DLP86 White;2499,00;Dresden;Heather;Xu
Contoso Projector 1080p X981 White;2499,00;Birmingham;Naomi;Dominguez
Contoso Projector 1080p X981 Black;2499,00;York;Destiny;Smith
Contoso Projector 1080p X981 Silver;2499,00;Camarillo;NULL;NULL
WWI Projector 1080p DLP86 White;2499,00;Dresden;Jaclyn;He
Proseware Projector 1080p DLP86 Black;2499,00;Roubaix;Christy;Shan
WWI Projector 1080p DLP86 Silver;2499,00;Goulburn;Daisy;Suarez
WWI Projector 1080p DLP86 Black;2499,00;Clackamas;NULL;NULL
WWI Projector 1080p DLP86 White;2499,00;Dresden;Brandi;Vazquez
Contoso Projector 1080p X981 White;2499,00;Birmingham;Tabitha;Smith
Contoso Projector 1080p X981 Black;2499,00;York;Kristopher;Rana
Contoso Projector 1080p X981 Silver;2499,00;Camarillo;Drew;Raji
WWI Projector 1080p DLP86 White;2499,00;Dresden;Joel;Vance
Proseware Projector 1080p DLP86 Black;2499,00;Roubaix;Kathleen;Ramos
Proseware Projector 1080p DLP86 Silver;2499,00;Versailles;Stephanie;Green
WWI Projector 1080p DLP86 Black;2499,00;Clackamas;Melinda;Dominguez
WWI Projector 1080p DLP86 White;2499,00;Dresden;Joe;Dominguez
Contoso Projector 1080p X981 White;2499,00;Birmingham;Barry;Rana
Contoso Projector 1080p X981 Black;2499,00;York;Gilbert;Xu
Contoso Projector 1080p X981 Silver;2499,00;Camarillo;Kellie;Gomez
WWI Projector 1080p DLP86 White;2499,00;Dresden;Dominique;Jordan
Proseware Projector 1080p DLP86 Black;2499,00;Roubaix;Noah;Long
WWI Projector 1080p DLP86 Silver;2499,00;Goulburn;Amy;Zhang
WWI Projector 1080p DLP86 Black;2499,00;Clackamas;Tony;Anand
WWI Projector 1080p DLP86 White;2499,00;Dresden;Audrey;Diaz
Contoso Projector 1080p X981 White;2499,00;Birmingham;Robin;Sanz
Contoso Projector 1080p X981 Black;2499,00;York;Stacy;Vazquez
Contoso Projector 1080p X981 Silver;2499,00;Camarillo;NULL;NULL
WWI Projector 1080p DLP86 White;2499,00;Dresden;NULL;NULL
Proseware Projector 1080p DLP86 Black;2499,00;Roubaix;Riley;Bradley
Proseware Projector 1080p DLP86 Silver;2499,00;Versailles;Christian;Davis
WWI Projector 1080p DLP86 Black;2499,00;Clackamas;NULL;NULL
WWI Projector 1080p DLP86 White;2499,00;Dresden;Reginald;Ramos
Contoso Projector 1080p X981 White;2499,00;Birmingham;Cassie;Luo
Contoso Projector 1080p X981 Black;2499,00;York;Derek;Shen
Contoso Projector 1080p X981 Silver;2499,00;Camarillo;Drew;Raji
WWI Projector 1080p DLP86 White;2499,00;Dresden;Brenda;Garcia
Proseware Projector 1080p DLP86 Black;2499,00;Roubaix;Jaclyn;Pal
WWI Projector 1080p DLP86 Silver;2499,00;Goulburn;Joel;Sanchez
WWI Projector 1080p DLP86 Black;2499,00;Clackamas;Melinda;Dominguez
WWI Projector 1080p DLP86 White;2499,00;Dresden;Peter;Jai
Contoso Projector 1080p X981 White;2499,00;Birmingham;Suzanne;He
Contoso Projector 1080p X981 Black;2499,00;York;Erika;Sanz
Contoso Projector 1080p X981 Silver;2499,00;Camarillo;Kellie;Gomez
WWI Projector 1080p DLP86 White;2499,00;Dresden;Krista;Martin
Proseware Projector 1080p DLP86 Black;2499,00;Roubaix;Katelyn;Howard
Proseware Projector 1080p DLP86 Silver;2499,00;Versailles;Seth;Jenkins
WWI Projector 1080p DLP86 Black;2499,00;Clackamas;Tony;Anand
WWI Projector 1080p DLP86 White;2499,00;Dresden;Dana;Ruiz
Contoso Projector 1080p X981 White;2499,00;Birmingham;Shawna;Jai
Contoso Projector 1080p X981 Black;2499,00;York;Nichole;Kumar
Contoso Projector 1080p X981 Silver;2499,00;Camarillo;NULL;NULL
WWI Projector 1080p DLP86 White;2499,00;Dresden;Julio;Vazquez
Proseware Projector 1080p DLP86 Black;2499,00;Roubaix;Jacqueline;Bradley
WWI Projector 1080p DLP86 Silver;2499,00;Goulburn;Marcus;Young
WWI Projector 1080p DLP86 Black;2499,00;Clackamas;NULL;NULL
WWI Projector 1080p DLP86 White;2499,00;Dresden;Ashlee;Shan
Contoso Projector 1080p X981 White;2499,00;Birmingham;Bethany;Shen
Contoso Projector 1080p X981 Black;2499,00;York;Nicolas;Black
Contoso Projector 1080p X981 Silver;2499,00;Camarillo;Drew;Raji
WWI Projector 1080p DLP86 White;2499,00;Dresden;Terrence;Xie
Proseware Projector 1080p DLP86 Black;2499,00;Roubaix;Christy;Beck
Proseware Projector 1080p DLP86 Silver;2499,00;Versailles;Colin;Zheng
WWI Projector 1080p DLP86 Black;2499,00;Clackamas;Melinda;Dominguez
WWI Projector 1080p DLP86 White;2499,00;Dresden;Desiree;Ortega
Contoso Projector 1080p X981 White;2499,00;Birmingham;Valerie;Zeng
Contoso Projector 1080p X981 Black;2499,00;York;Alvin;Lal
Contoso Projector 1080p X981 Silver;2499,00;Camarillo;Kellie;Gomez
WWI Projector 1080p DLP86 White;2499,00;Dresden;Russell;She
Proseware Projector 1080p DLP86 Black;2499,00;Roubaix;Allison;Adams
WWI Projector 1080p DLP86 Silver;2499,00;Goulburn;Darryl;Zheng
WWI Projector 1080p DLP86 Black;2499,00;Clackamas;Tony;Anand
WWI Projector 1080p DLP86 White;2499,00;Dresden;Linda;Gill
Contoso Projector 1080p X981 White;2499,00;Birmingham;Randall;Gill
Contoso Projector 1080p X981 Black;2499,00;York;Jon;Shan
Contoso Projector 1080p X981 Silver;2499,00;Camarillo;NULL;NULL
WWI Projector 1080p DLP86 White;2499,00;Dresden;Brandi;Gutierrez
Proseware Projector 1080p DLP86 Black;2499,00;Roubaix;Sierra;Baker
Proseware Projector 1080p DLP86 Silver;2499,00;Versailles;Darren;Sai
WWI Projector 1080p DLP86 Black;2499,00;Clackamas;NULL;NULL
WWI Projector 1080p DLP86 White;2499,00;Dresden;Jake;She
Contoso Projector 1080p X981 White;2499,00;Birmingham;Willie;Black
Contoso Projector 1080p X981 Black;2499,00;York;Orlando;Ramos
Contoso Projector 1080p X981 Silver;2499,00;Camarillo;Drew;Raji
WWI Projector 1080p DLP86 White;2499,00;Dresden;Jaime;Yuan
Proseware Projector 1080p DLP86 Black;2499,00;Roubaix;Terry;Nath
WWI Projector 1080p DLP86 Silver;2499,00;Goulburn;Eric;Gonzalez
WWI Projector 1080p DLP86 Black;2499,00;Clackamas;Melinda;Dominguez
WWI Projector 1080p DLP86 White;2499,00;Dresden;Kendra;Moreno
Contoso Projector 1080p X981 White;2499,00;Birmingham;Darren;Romero
Contoso Projector 1080p X981 Black;2499,00;York;Kara;Nara
Contoso Projector 1080p X981 Silver;2499,00;Camarillo;Kellie;Gomez
WWI Projector 1080p DLP86 White;2499,00;Dresden;Jimmy;Suarez
Proseware Projector 1080p DLP86 Black;2499,00;Roubaix;Mackenzie;Rogers
Proseware Projector 1080p DLP86 Silver;2499,00;Versailles;Stephanie;Rivera
WWI Projector 1080p DLP86 Black;2499,00;Clackamas;Tony;Anand
WWI Projector 1080p DLP86 White;2499,00;Dresden;Robyn;Diaz
Contoso Projector 1080p X981 White;2499,00;Birmingham;Brad;Xie
Contoso Projector 1080p X981 Black;2499,00;York;Roy;Chandra
Contoso Projector 1080p X981 Silver;2499,00;Camarillo;NULL;NULL
WWI Projector 1080p DLP86 White;2499,00;Dresden;Tammy;Martinez
Proseware Projector 1080p DLP86 Black;2499,00;Roubaix;Noah;Johnson
WWI Projector 1080p DLP86 Silver;2499,00;Goulburn;Franklin;Sun
WWI Projector 1080p DLP86 Black;2499,00;Clackamas;NULL;NULL
WWI Projector 1080p DLP86 White;2499,00;Dresden;Billy;Rubio
Contoso Projector 1080p X981 White;2499,00;Birmingham;Virginia;Srini
Contoso Projector 1080p X981 Black;2499,00;York;Miguel;Long
Contoso Projector 1080p X981 Silver;2499,00;Camarillo;Drew;Raji
WWI Projector 1080p DLP86 White;2499,00;Dresden;Casey;Gomez
Proseware Projector 1080p DLP86 Black;2499,00;Roubaix;Angela;Cook
Proseware Projector 1080p DLP86 Silver;2499,00;Versailles;Jeremy;Nelson
WWI Projector 1080p DLP86 Black;2499,00;Clackamas;Melinda;Dominguez
WWI Projector 1080p DLP86 White;2499,00;Dresden;Frank;Blanco
Contoso Projector 1080p X981 White;2499,00;Birmingham;George;Mehta
Contoso Projector 1080p X981 Black;2499,00;York;Douglas;Garcia
Contoso Projector 1080p X981 Silver;2499,00;Camarillo;Kellie;Gomez
WWI Projector 1080p DLP86 White;2499,00;Dresden;Johnny;Andersen
Proseware Projector 1080p DLP86 Black;2499,00;Roubaix;Kristin;Xu
WWI Projector 1080p DLP86 Silver;2499,00;Goulburn;Andy;Vazquez
WWI Projector 1080p DLP86 Black;2499,00;Clackamas;Tony;Anand
WWI Projector 1080p DLP86 White;2499,00;Dresden;Alisha;Andersen
Contoso Projector 1080p X981 White;2499,00;Birmingham;Albert;Suarez
Contoso Projector 1080p X981 Black;2499,00;York;Wyatt;Parker
Contoso Projector 1080p X981 Silver;2499,00;Camarillo;NULL;NULL
WWI Projector 1080p DLP86 White;2499,00;Dresden;Heather;Xu
Proseware Projector 1080p DLP86 Black;2499,00;Roubaix;Mario;Andersen
Proseware Projector 1080p DLP86 Silver;2499,00;Versailles;Eric;Yang
WWI Projector 1080p DLP86 Black;2499,00;Clackamas;NULL;NULL
WWI Projector 1080p DLP86 White;2499,00;Dresden;Jaclyn;He
Contoso Projector 1080p X981 White;2499,00;Birmingham;Francisco;Vance
Contoso Projector 1080p X981 Black;2499,00;York;Nathan;Thompson
Contoso Projector 1080p X981 Silver;2499,00;Camarillo;Drew;Raji
WWI Projector 1080p DLP86 White;2499,00;Dresden;Brandi;Vazquez
Proseware Projector 1080p DLP86 Black;2499,00;Roubaix;Evelyn;Prasad
WWI Projector 1080p DLP86 Silver;2499,00;Goulburn;Bradley;Anand
WWI Projector 1080p DLP86 Black;2499,00;Clackamas;Melinda;Dominguez
WWI Projector 1080p DLP86 White;2499,00;Dresden;Joel;Vance
Contoso Projector 1080p X981 White;2499,00;Birmingham;Sheila;Serrano
Contoso Projector 1080p X981 Black;2499,00;York;Brett;Srini
Contoso Projector 1080p X981 Silver;2499,00;Camarillo;Kellie;Gomez
WWI Projector 1080p DLP86 White;2499,00;Dresden;Joe;Dominguez
Proseware Projector 1080p DLP86 Black;2499,00;Roubaix;Edwin;Yuan
Proseware Projector 1080p DLP86 Silver;2499,00;Versailles;Caleb;Washington
WWI Projector 1080p DLP86 Black;2499,00;Clackamas;Tony;Anand
WWI Projector 1080p DLP86 White;2499,00;Dresden;Dominique;Jordan
Contoso Projector 1080p X981 White;2499,00;Birmingham;Mario;Xu
Contoso Projector 1080p X981 Black;2499,00;York;Brent;Sun
Contoso Projector 1080p X981 Silver;2499,00;Camarillo;NULL;NULL
WWI Projector 1080p DLP86 White;2499,00;Dresden;Audrey;Diaz
Proseware Projector 1080p DLP86 Black;2499,00;Roubaix;Nicolas;Jai
WWI Projector 1080p DLP86 Silver;2499,00;Goulburn;Olivia;Ramirez
WWI Projector 1080p DLP86 Black;2499,00;Clackamas;NULL;NULL
WWI Projector 1080p DLP86 White;2499,00;Dresden;NULL;NULL
Contoso Projector 1080p X981 White;2499,00;Birmingham;Terry;Luo
Contoso Projector 1080p X981 Black;2499,00;York;Raquel;Moreno
Contoso Projector 1080p X981 Silver;2499,00;Camarillo;Drew;Raji
WWI Projector 1080p DLP86 White;2499,00;Dresden;Reginald;Ramos
Proseware Projector 1080p DLP86 Black;2499,00;Roubaix;Mariah;Bennett
Proseware Projector 1080p DLP86 Silver;2499,00;Versailles;David;Martin
WWI Projector 1080p DLP86 Black;2499,00;Clackamas;Melinda;Dominguez
WWI Projector 1080p DLP86 White;2499,00;Dresden;Brenda;Garcia
Contoso Projector 1080p X981 White;2499,00;Birmingham;Rosa;Sun
Contoso Projector 1080p X981 Black;2499,00;York;Kaitlyn;Hernandez
Contoso Projector 1080p X981 Silver;2499,00;Camarillo;Kellie;Gomez
WWI Projector 1080p DLP86 White;2499,00;Dresden;Peter;Jai
Proseware Projector 1080p DLP86 Black;2499,00;Roubaix;Yolanda;Anand
WWI Projector 1080p DLP86 Silver;2499,00;Goulburn;Marshall;Xie
WWI Projector 1080p DLP86 Black;2499,00;Clackamas;Tony;Anand
WWI Projector 1080p DLP86 White;2499,00;Dresden;Krista;Martin
Contoso Projector 1080p X981 White;2499,00;Birmingham;Meagan;Malhotra
Contoso Projector 1080p X981 Black;2499,00;York;Stacy;Ortega
Contoso Projector 1080p X981 Silver;2499,00;Camarillo;NULL;NULL
WWI Projector 1080p DLP86 White;2499,00;Dresden;Dana;Ruiz
Proseware Projector 1080p DLP86 Black;2499,00;Roubaix;Michele;Hernandez
Proseware Projector 1080p DLP86 Silver;2499,00;Versailles;Diane;Moreno
WWI Projector 1080p DLP86 Black;2499,00;Clackamas;NULL;NULL
WWI Projector 1080p DLP86 White;2499,00;Dresden;Julio;Vazquez
Contoso Projector 1080p X981 White;2499,00;Birmingham;Omar;Zhao
Contoso Projector 1080p X981 Black;2499,00;York;Theodore;Alvarez
Contoso Projector 1080p X981 Silver;2499,00;Camarillo;Drew;Raji
WWI Projector 1080p DLP86 White;2499,00;Dresden;Ashlee;Shan
Proseware Projector 1080p DLP86 Black;2499,00;Roubaix;Autumn;He
WWI Projector 1080p DLP86 Silver;2499,00;Goulburn;Ioannis;Xylaras
WWI Projector 1080p DLP86 Black;2499,00;Clackamas;Melinda;Dominguez
WWI Projector 1080p DLP86 White;2499,00;Dresden;Terrence;Xie
Contoso Projector 1080p X981 White;2499,00;Birmingham;Jermaine;Subram
Contoso Projector 1080p X981 Black;2499,00;York;Tabitha;Sai
Contoso Projector 1080p X981 Silver;2499,00;Camarillo;Kellie;Gomez
WWI Projector 1080p DLP86 White;2499,00;Dresden;Desiree;Ortega
Proseware Projector 1080p DLP86 Black;2499,00;Roubaix;Sandra;Wu
Proseware Projector 1080p DLP86 Silver;2499,00;Versailles;Pedro;Sai
WWI Projector 1080p DLP86 Black;2499,00;Clackamas;Tony;Anand
WWI Projector 1080p DLP86 White;2499,00;Dresden;Russell;She
Contoso Projector 1080p X981 White;2499,00;Birmingham;Marie;Gutierrez
Contoso Projector 1080p X981 Black;2499,00;York;Timothy;Howard
Contoso Projector 1080p X981 Silver;2499,00;Camarillo;NULL;NULL
WWI Projector 1080p DLP86 White;2499,00;Dresden;Linda;Gill
Proseware Projector 1080p DLP86 Black;2499,00;Roubaix;Mason;Stewart
WWI Projector 1080p DLP86 Silver;2499,00;Goulburn;Alex;Green
WWI Projector 1080p DLP86 Black;2499,00;Clackamas;NULL;NULL
WWI Projector 1080p DLP86 White;2499,00;Dresden;Brandi;Gutierrez
Contoso Projector 1080p X981 White;2499,00;Birmingham;NULL;NULL
Contoso Projector 1080p X981 Black;2499,00;York;Ian;Watson
Contoso Projector 1080p X981 Silver;2499,00;Camarillo;Drew;Raji
WWI Projector 1080p DLP86 White;2499,00;Dresden;Jake;She
Proseware Projector 1080p DLP86 Black;2499,00;Roubaix;Jordan;Parker
Proseware Projector 1080p DLP86 Silver;2499,00;Versailles;Mallory;Munoz
WWI Projector 1080p DLP86 Black;2499,00;Clackamas;Melinda;Dominguez
WWI Projector 1080p DLP86 White;2499,00;Dresden;Jaime;Yuan
Contoso Projector 1080p X981 White;2499,00;Birmingham;Mayra;Prasad
Contoso Projector 1080p X981 Black;2499,00;York;Douglas;Madan
Contoso Projector 1080p X981 Silver;2499,00;Camarillo;Kellie;Gomez
WWI Projector 1080p DLP86 White;2499,00;Dresden;Kendra;Moreno
Proseware Projector 1080p DLP86 Black;2499,00;Roubaix;Kenneth;Pal
WWI Projector 1080p DLP86 Silver;2499,00;Goulburn;Brent;Ma
WWI Projector 1080p DLP86 Black;2499,00;Clackamas;Tony;Anand
WWI Projector 1080p DLP86 White;2499,00;Dresden;Jimmy;Suarez
Contoso Projector 1080p X981 White;2499,00;Birmingham;Ebony;Gill
Contoso Projector 1080p X981 Black;2499,00;York;Lindsay;Shan
Contoso Projector 1080p X981 Silver;2499,00;Camarillo;NULL;NULL
WWI Projector 1080p DLP86 White;2499,00;Dresden;Robyn;Diaz
Proseware Projector 1080p DLP86 Black;2499,00;Roubaix;Meredith;Srini
Proseware Projector 1080p DLP86 Silver;2499,00;Versailles;Jennifer;Ross
WWI Projector 1080p DLP86 Black;2499,00;Clackamas;NULL;NULL
WWI Projector 1080p DLP86 White;2499,00;Dresden;Tammy;Martinez
Contoso Projector 1080p X981 White;2499,00;Birmingham;Amy;Li
Contoso Projector 1080p X981 Black;2499,00;York;Ian;Bryant
Contoso Projector 1080p X981 Silver;2499,00;Camarillo;Drew;Raji
WWI Projector 1080p DLP86 White;2499,00;Dresden;Billy;Rubio
Proseware Projector 1080p DLP86 Black;2499,00;Roubaix;Fernando;Collins
WWI Projector 1080p DLP86 Silver;2499,00;Goulburn;Clifford;Chapman
WWI Projector 1080p DLP86 Black;2499,00;Clackamas;Melinda;Dominguez
WWI Projector 1080p DLP86 White;2499,00;Dresden;Casey;Gomez
Contoso Projector 1080p X981 White;2499,00;Birmingham;Shannon;Torres
Contoso Projector 1080p X981 Black;2499,00;York;Regina;Suri
Contoso Projector 1080p X981 Silver;2499,00;Camarillo;Kellie;Gomez
WWI Projector 1080p DLP86 White;2499,00;Dresden;Frank;Blanco
Proseware Projector 1080p DLP86 Black;2499,00;Roubaix;Masato;Kawai
Proseware Projector 1080p DLP86 Silver;2499,00;Versailles;Chloe;Ross
WWI Projector 1080p DLP86 Black;2499,00;Clackamas;Tony;Anand
WWI Projector 1080p DLP86 White;2499,00;Dresden;Johnny;Andersen
Contoso Projector 1080p X981 White;2499,00;Birmingham;Rafael;Zhao
Contoso Projector 1080p X981 Black;2499,00;York;Leonard;Deng
Contoso Projector 1080p X981 Silver;2499,00;Camarillo;NULL;NULL
WWI Projector 1080p DLP86 White;2499,00;Dresden;Alisha;Andersen
Proseware Projector 1080p DLP86 Black;2499,00;Roubaix;Max;Torres
WWI Projector 1080p DLP86 Silver;2499,00;Goulburn;Anna;Rogers
WWI Projector 1080p DLP86 Black;2499,00;Clackamas;NULL;NULL
WWI Projector 1080p DLP86 White;2499,00;Dresden;Heather;Xu
Contoso Projector 1080p X981 White;2499,00;Birmingham;Kari;Fernandez
Contoso Projector 1080p X981 Black;2499,00;York;Jerry;Lal
Contoso Projector 1080p X981 Silver;2499,00;Camarillo;Drew;Raji
WWI Projector 1080p DLP86 White;2499,00;Dresden;Jaclyn;He
Proseware Projector 1080p DLP86 Black;2499,00;Roubaix;Haley;Lopez
Proseware Projector 1080p DLP86 Silver;2499,00;Versailles;Meagan;Vance
WWI Projector 1080p DLP86 Black;2499,00;Clackamas;Melinda;Dominguez
WWI Projector 1080p DLP86 White;2499,00;Dresden;Brandi;Vazquez
Contoso Projector 1080p X981 White;2499,00;Birmingham;Dawn;Luo
Contoso Projector 1080p X981 Black;2499,00;York;Fernando;Perez
Contoso Projector 1080p X981 Silver;2499,00;Camarillo;Kellie;Gomez
WWI Projector 1080p DLP86 White;2499,00;Dresden;Joel;Vance
Proseware Projector 1080p DLP86 Black;2499,00;Roubaix;Roy;Rubio
WWI Projector 1080p DLP86 Silver;2499,00;Goulburn;Louis;He
WWI Projector 1080p DLP86 Black;2499,00;Clackamas;Tony;Anand
WWI Projector 1080p DLP86 White;2499,00;Dresden;Joe;Dominguez
Contoso Projector 1080p X981 White;2499,00;Birmingham;Naomi;Dominguez
Contoso Projector 1080p X981 Black;2499,00;York;Jason;Russell
Contoso Projector 1080p X981 Silver;2499,00;Camarillo;NULL;NULL
WWI Projector 1080p DLP86 White;2499,00;Dresden;Dominique;Jordan
Proseware Projector 1080p DLP86 Black;2499,00;Roubaix;Alexandra;Robinson
Proseware Projector 1080p DLP86 Silver;2499,00;Versailles;Ian;Adams
WWI Projector 1080p DLP86 Black;2499,00;Clackamas;NULL;NULL
WWI Projector 1080p DLP86 White;2499,00;Dresden;Audrey;Diaz
Contoso Projector 1080p X981 White;2499,00;Birmingham;Tabitha;Smith
Contoso Projector 1080p X981 Black;2499,00;York;Stefanie;Patel
Contoso Projector 1080p X981 Silver;2499,00;Camarillo;Drew;Raji
WWI Projector 1080p DLP86 White;2499,00;Dresden;NULL;NULL
Proseware Projector 1080p DLP86 Black;2499,00;Roubaix;Michele;Shan
WWI Projector 1080p DLP86 Silver;2499,00;Goulburn;Allison;Bailey
WWI Projector 1080p DLP86 Black;2499,00;Clackamas;Melinda;Dominguez
WWI Projector 1080p DLP86 White;2499,00;Dresden;Reginald;Ramos
Contoso Projector 1080p X981 White;2499,00;Birmingham;Barry;Rana
Contoso Projector 1080p X981 Black;2499,00;York;Morgan;Green
Contoso Projector 1080p X981 Silver;2499,00;Camarillo;Kellie;Gomez
WWI Projector 1080p DLP86 White;2499,00;Dresden;Brenda;Garcia
Proseware Projector 1080p DLP86 Black;2499,00;Roubaix;Terrance;Subram
Proseware Projector 1080p DLP86 Silver;2499,00;Versailles;Tony;Luo
WWI Projector 1080p DLP86 Black;2499,00;Clackamas;Tony;Anand
WWI Projector 1080p DLP86 White;2499,00;Dresden;Peter;Jai
Contoso Projector 1080p X981 White;2499,00;Birmingham;Robin;Sanz
Contoso Projector 1080p X981 Black;2499,00;York;Gavin;Powell
Contoso Projector 1080p X981 Silver;2499,00;Camarillo;NULL;NULL
WWI Projector 1080p DLP86 White;2499,00;Dresden;Krista;Martin
Proseware Projector 1080p DLP86 Black;2499,00;Roubaix;Fernando;Butler
WWI Projector 1080p DLP86 Silver;2499,00;Goulburn;Colleen;Huang
WWI Projector 1080p DLP86 Black;2499,00;Clackamas;NULL;NULL
WWI Projector 1080p DLP86 White;2499,00;Dresden;Dana;Ruiz
Contoso Projector 1080p X981 White;2499,00;Birmingham;Cassie;Luo
Contoso Projector 1080p X981 Black;2499,00;York;Sheila;Suarez
Contoso Projector 1080p X981 Silver;2499,00;Camarillo;Drew;Raji
WWI Projector 1080p DLP86 White;2499,00;Dresden;Julio;Vazquez
Proseware Projector 1080p DLP86 Black;2499,00;Roubaix;Krystal;Wagner
Proseware Projector 1080p DLP86 Silver;2499,00;Versailles;Tommy;Tang
WWI Projector 1080p DLP86 Black;2499,00;Clackamas;Melinda;Dominguez
WWI Projector 1080p DLP86 White;2499,00;Dresden;Ashlee;Shan
Contoso Projector 1080p X981 White;2499,00;Birmingham;Suzanne;He
Contoso Projector 1080p X981 Black;2499,00;York;Arturo;He
Contoso Projector 1080p X981 Silver;2499,00;Camarillo;Kellie;Gomez
WWI Projector 1080p DLP86 White;2499,00;Dresden;Terrence;Xie
Proseware Projector 1080p DLP86 Black;2499,00;Roubaix;Edward;Patterson
WWI Projector 1080p DLP86 Silver;2499,00;Goulburn;Candace;Sara
WWI Projector 1080p DLP86 Black;2499,00;Clackamas;Tony;Anand
WWI Projector 1080p DLP86 White;2499,00;Dresden;Desiree;Ortega
Contoso Projector 1080p X981 White;2499,00;Birmingham;Shawna;Jai
Contoso Projector 1080p X981 Black;2499,00;York;Latasha;Sanz
Contoso Projector 1080p X981 Silver;2499,00;Camarillo;NULL;NULL
WWI Projector 1080p DLP86 White;2499,00;Dresden;Russell;She
Proseware Projector 1080p DLP86 Black;2499,00;Roubaix;Jordan;Turner
Proseware Projector 1080p DLP86 Silver;2499,00;Versailles;NULL;NULL
WWI Projector 1080p DLP86 Black;2499,00;Clackamas;NULL;NULL
WWI Projector 1080p DLP86 White;2499,00;Dresden;Linda;Gill
Contoso Projector 1080p X981 White;2499,00;Birmingham;Bethany;Shen
Contoso Projector 1080p X981 Black;2499,00;York;Franklin;Wang
Contoso Projector 1080p X981 Silver;2499,00;Camarillo;Drew;Raji
WWI Projector 1080p DLP86 White;2499,00;Dresden;Brandi;Gutierrez
Proseware Projector 1080p DLP86 Black;2499,00;Roubaix;Christine;Chande
WWI Projector 1080p DLP86 Silver;2499,00;Goulburn;Molly;Rana
WWI Projector 1080p DLP86 Black;2499,00;Clackamas;Melinda;Dominguez
WWI Projector 1080p DLP86 White;2499,00;Dresden;Jake;She
Contoso Projector 1080p X981 White;2499,00;Birmingham;Valerie;Zeng
Contoso Projector 1080p X981 Black;2499,00;York;Cara;Lin
Contoso Projector 1080p X981 Silver;2499,00;Camarillo;Kellie;Gomez
WWI Projector 1080p DLP86 White;2499,00;Dresden;Jaime;Yuan
Proseware Projector 1080p DLP86 Black;2499,00;Roubaix;Amanda;Perez
Proseware Projector 1080p DLP86 Silver;2499,00;Versailles;Larry;Munoz
WWI Projector 1080p DLP86 Black;2499,00;Clackamas;Tony;Anand
WWI Projector 1080p DLP86 White;2499,00;Dresden;Kendra;Moreno
Contoso Projector 1080p X981 White;2499,00;Birmingham;Randall;Gill
Contoso Projector 1080p X981 Black;2499,00;York;NULL;NULL
Contoso Projector 1080p X981 Silver;2499,00;Camarillo;NULL;NULL
WWI Projector 1080p DLP86 White;2499,00;Dresden;Jimmy;Suarez
Proseware Projector 1080p DLP86 Black;2499,00;Roubaix;Shelby;Bailey
WWI Projector 1080p DLP86 Silver;2499,00;Goulburn;Nicole;Coleman
WWI Projector 1080p DLP86 Black;2499,00;Clackamas;NULL;NULL
WWI Projector 1080p DLP86 White;2499,00;Dresden;Robyn;Diaz
Contoso Projector 1080p X981 White;2499,00;Birmingham;Willie;Black
Contoso Projector 1080p X981 Black;2499,00;York;Miguel;Allen
Contoso Projector 1080p X981 Silver;2499,00;Camarillo;Drew;Raji
WWI Projector 1080p DLP86 White;2499,00;Dresden;Tammy;Martinez
Proseware Projector 1080p DLP86 Black;2499,00;Roubaix;Edgar;Malhotra
Proseware Projector 1080p DLP86 Silver;2499,00;Versailles;Stacey;Lu
WWI Projector 1080p DLP86 Black;2499,00;Clackamas;Melinda;Dominguez
WWI Projector 1080p DLP86 White;2499,00;Dresden;Billy;Rubio
Contoso Projector 1080p X981 White;2499,00;Birmingham;Darren;Romero
Contoso Projector 1080p X981 Black;2499,00;York;Joseph;Martin
Contoso Projector 1080p X981 Silver;2499,00;Camarillo;Kellie;Gomez
WWI Projector 1080p DLP86 White;2499,00;Dresden;Casey;Gomez
Proseware Projector 1080p DLP86 Black;2499,00;Roubaix;Arthur;Van
WWI Projector 1080p DLP86 Silver;2499,00;Goulburn;Sheila;Navarro
WWI Projector 1080p DLP86 Black;2499,00;Clackamas;Tony;Anand
WWI Projector 1080p DLP86 White;2499,00;Dresden;Frank;Blanco
Contoso Projector 1080p X981 White;2499,00;Birmingham;Brad;Xie
Contoso Projector 1080p X981 Black;2499,00;York;Jaclyn;Andersen
Contoso Projector 1080p X981 Silver;2499,00;Camarillo;NULL;NULL
WWI Projector 1080p DLP86 White;2499,00;Dresden;Johnny;Andersen
Proseware Projector 1080p DLP86 Black;2499,00;Roubaix;Jimmy;Carlson
Proseware Projector 1080p DLP86 Silver;2499,00;Versailles;Ivan;Raman
WWI Projector 1080p DLP86 Black;2499,00;Clackamas;NULL;NULL
WWI Projector 1080p DLP86 White;2499,00;Dresden;Alisha;Andersen
Contoso Projector 1080p X981 White;2499,00;Birmingham;Virginia;Srini
Contoso Projector 1080p X981 Black;2499,00;York;Edwin;Raji
Contoso Projector 1080p X981 Silver;2499,00;Camarillo;Drew;Raji
WWI Projector 1080p DLP86 White;2499,00;Dresden;Heather;Xu
Proseware Projector 1080p DLP86 Black;2499,00;Roubaix;Cesar;McDonald
WWI Projector 1080p DLP86 Silver;2499,00;Goulburn;Armando;Hernandez
WWI Projector 1080p DLP86 Black;2499,00;Clackamas;Melinda;Dominguez
WWI Projector 1080p DLP86 White;2499,00;Dresden;Jaclyn;He
Contoso Projector 1080p X981 White;2499,00;Birmingham;George;Mehta
Contoso Projector 1080p X981 Black;2499,00;York;Alejandro;Tang
Contoso Projector 1080p X981 Silver;2499,00;Camarillo;Kellie;Gomez
WWI Projector 1080p DLP86 White;2499,00;Dresden;Brandi;Vazquez
Proseware Projector 1080p DLP86 Black;2499,00;Roubaix;Ethan;Bryant
Proseware Projector 1080p DLP86 Silver;2499,00;Versailles;Shawna;Xie
WWI Projector 1080p DLP86 Black;2499,00;Clackamas;Tony;Anand
WWI Projector 1080p DLP86 White;2499,00;Dresden;Joel;Vance
Contoso Projector 1080p X981 White;2499,00;Birmingham;Albert;Suarez
Contoso Projector 1080p X981 Black;2499,00;York;Felicia;Ramos
Contoso Projector 1080p X981 Silver;2499,00;Camarillo;NULL;NULL
WWI Projector 1080p DLP86 White;2499,00;Dresden;Joe;Dominguez
Proseware Projector 1080p DLP86 Black;2499,00;Roubaix;Christian;Clark
WWI Projector 1080p DLP86 Silver;2499,00;Goulburn;Lance;Sanz
WWI Projector 1080p DLP86 Black;2499,00;Clackamas;NULL;NULL
WWI Projector 1080p DLP86 White;2499,00;Dresden;Dominique;Jordan
Contoso Projector 1080p X981 White;2499,00;Birmingham;Francisco;Vance
Contoso Projector 1080p X981 Black;2499,00;York;Alberto;Romero
Contoso Projector 1080p X981 Silver;2499,00;Camarillo;Drew;Raji
WWI Projector 1080p DLP86 White;2499,00;Dresden;Audrey;Diaz
Proseware Projector 1080p DLP86 Black;2499,00;Roubaix;Jason;Gonzales
Proseware Projector 1080p DLP86 Silver;2499,00;Versailles;Kyle;Roberts
WWI Projector 1080p DLP86 Black;2499,00;Clackamas;Melinda;Dominguez
WWI Projector 1080p DLP86 White;2499,00;Dresden;NULL;NULL
Contoso Projector 1080p X981 White;2499,00;Birmingham;Sheila;Serrano
Contoso Projector 1080p X981 Black;2499,00;York;Eugene;Ye
Contoso Projector 1080p X981 Silver;2499,00;Camarillo;Kellie;Gomez
WWI Projector 1080p DLP86 White;2499,00;Dresden;Reginald;Ramos
Proseware Projector 1080p DLP86 Black;2499,00;Roubaix;Darryl;West
WWI Projector 1080p DLP86 Silver;2499,00;Goulburn;Jaclyn;Chen
WWI Projector 1080p DLP86 Black;2499,00;Clackamas;Tony;Anand
WWI Projector 1080p DLP86 White;2499,00;Dresden;Brenda;Garcia
Contoso Projector 1080p X981 White;2499,00;Birmingham;Mario;Xu
Contoso Projector 1080p X981 Black;2499,00;York;Glenn;Zhou
